{
  "model_id": "random_forest_reg_20250918_135523",
  "model_type": "random_forest_regressor",
  "training_metrics": {
    "mse": 0.0029903346955159975,
    "mae": 0.04015793763414661,
    "r2_score": 0.9968235459645522,
    "cross_val_scores": [
      0.9796552567749583,
      0.9699976648454635,
      0.9716681475181482
    ]
  },
  "validation_metrics": {
    "mse": 0.020728781478028778,
    "mae": 0.11420547141289614,
    "r2_score": 0.978725281539255,
    "cross_val_scores": [
      0.930474572862621,
      0.9623445166059693,
      0.9329969637020358
    ]
  },
  "feature_names": [
    "feature_1",
    "feature_2",
    "feature_3",
    "feature_4"
  ],
  "target_name": "target",
  "created_at": "2025-09-18T13:55:23.298414",
  "training_data_size": 800,
  "test_data_size": 200,
  "model_file_path": "models/random_forest_reg_20250918_135523.joblib"
}