{
  "model_id": "random_forest_clf_20250918_150354",
  "model_type": "random_forest_classifier",
  "training_metrics": {
    "accuracy": 1.0,
    "precision": 1.0,
    "recall": 1.0,
    "f1_score": 1.0,
    "cross_val_scores": [
      0.9363295880149812,
      0.9775280898876404,
      0.9210526315789473
    ]
  },
  "validation_metrics": {
    "accuracy": 0.955,
    "precision": 0.955221619176843,
    "recall": 0.955,
    "f1_score": 0.9550751879699247,
    "cross_val_scores": [
      0.8656716417910447,
      0.8656716417910447,
      0.8484848484848485
    ]
  },
  "feature_names": [
    "feature_1",
    "feature_2",
    "feature_3",
    "feature_4"
  ],
  "target_name": "target",
  "created_at": "2025-09-18T15:03:54.932647",
  "training_data_size": 800,
  "test_data_size": 200,
  "model_file_path": "models/random_forest_clf_20250918_150354.joblib"
}